{
	"format_version": "1.8.0",
	"animations": {
		"idle": {
			"loop": true,
			"animation_length": 2.88,
			"bones": {
				"root": {
					"rotation": {
						"0.0": {
							"vector": [0, 0, 0]
						},
						"0.72": {
							"vector": [0, 0, -2.5]
						},
						"1.44": {
							"vector": [0, 0, 0]
						},
						"2.16": {
							"vector": [0, 0, 2.5]
						},
						"2.88": {
							"vector": [0, 0, 0]
						}
					},
					"position": {
						"0.0": {
							"vector": [0, 0, 0]
						},
						"0.72": {
							"vector": [0, 1, 0]
						},
						"1.44": {
							"vector": [0, 0, 0]
						},
						"2.16": {
							"vector": [0, 1, 0]
						},
						"2.88": {
							"vector": [0, 0, 0]
						}
					}
				},
				"leftlegass": {
					"rotation": {
						"0.0": {
							"vector": [0, 0, 2.5]
						},
						"0.72": {
							"vector": [2.5, 0, 0]
						},
						"1.44": {
							"vector": [0, 0, 2.5]
						},
						"2.16": {
							"vector": [-2.5, 0, -2.5]
						},
						"2.88": {
							"vector": [0, 0, 2.5]
						}
					}
				},
				"rightlegass": {
					"rotation": {
						"0.0": {
							"vector": [0, 0, -2.5]
						},
						"0.72": {
							"vector": [-2.5, 0, 2.5]
						},
						"1.44": {
							"vector": [0, 0, -2.5]
						},
						"2.16": {
							"vector": [2.5, 0, 0]
						},
						"2.88": {
							"vector": [0, 0, -2.5]
						}
					}
				},
				"leftwing": {
					"rotation": {
						"0.0": {
							"vector": [0, 0, 0]
						},
						"0.08": {
							"vector": [74.80177, 68.50824, 51.5166]
						},
						"0.16": {
							"vector": [0, 0, 0]
						},
						"0.24": {
							"vector": [74.80177, 68.50824, 51.5166]
						},
						"0.32": {
							"vector": [0, 0, 0]
						},
						"0.4": {
							"vector": [74.80177, 68.50824, 51.5166]
						},
						"0.48": {
							"vector": [0, 0, 0]
						},
						"0.56": {
							"vector": [74.80177, 68.50824, 51.5166]
						},
						"0.64": {
							"vector": [0, 0, 0]
						},
						"0.72": {
							"vector": [74.80177, 68.50824, 51.5166]
						},
						"0.8": {
							"vector": [0, 0, 0]
						},
						"0.88": {
							"vector": [74.80177, 68.50824, 51.5166]
						},
						"0.96": {
							"vector": [0, 0, 0]
						},
						"1.04": {
							"vector": [74.80177, 68.50824, 51.5166]
						},
						"1.12": {
							"vector": [0, 0, 0]
						},
						"1.2": {
							"vector": [74.80177, 68.50824, 51.5166]
						},
						"1.28": {
							"vector": [0, 0, 0]
						},
						"1.36": {
							"vector": [74.80177, 68.50824, 51.5166]
						},
						"1.44": {
							"vector": [0, 0, 0]
						},
						"1.52": {
							"vector": [74.80177, 68.50824, 51.5166]
						},
						"1.6": {
							"vector": [0, 0, 0]
						},
						"1.68": {
							"vector": [74.80177, 68.50824, 51.5166]
						},
						"1.76": {
							"vector": [0, 0, 0]
						},
						"1.84": {
							"vector": [74.80177, 68.50824, 51.5166]
						},
						"1.92": {
							"vector": [0, 0, 0]
						},
						"2.0": {
							"vector": [74.80177, 68.50824, 51.5166]
						},
						"2.08": {
							"vector": [0, 0, 0]
						},
						"2.16": {
							"vector": [74.80177, 68.50824, 51.5166]
						},
						"2.24": {
							"vector": [0, 0, 0]
						},
						"2.32": {
							"vector": [74.80177, 68.50824, 51.5166]
						},
						"2.4": {
							"vector": [0, 0, 0]
						},
						"2.48": {
							"vector": [74.80177, 68.50824, 51.5166]
						},
						"2.56": {
							"vector": [0, 0, 0]
						},
						"2.64": {
							"vector": [74.80177, 68.50824, 51.5166]
						},
						"2.72": {
							"vector": [0, 0, 0]
						},
						"2.8": {
							"vector": [74.80177, 68.50824, 51.5166]
						},
						"2.88": {
							"vector": [0, 0, 0]
						}
					}
				},
				"rightwing": {
					"rotation": {
						"0.0": {
							"vector": [0, 0, 0]
						},
						"0.08": {
							"vector": [74.80177, -68.5082, -51.5166]
						},
						"0.16": {
							"vector": [0, 0, 0]
						},
						"0.24": {
							"vector": [74.80177, -68.5082, -51.5166]
						},
						"0.32": {
							"vector": [0, 0, 0]
						},
						"0.4": {
							"vector": [74.80177, -68.5082, -51.5166]
						},
						"0.48": {
							"vector": [0, 0, 0]
						},
						"0.56": {
							"vector": [74.80177, -68.5082, -51.5166]
						},
						"0.64": {
							"vector": [0, 0, 0]
						},
						"0.72": {
							"vector": [74.80177, -68.5082, -51.5166]
						},
						"0.8": {
							"vector": [0, 0, 0]
						},
						"0.88": {
							"vector": [74.80177, -68.5082, -51.5166]
						},
						"0.96": {
							"vector": [0, 0, 0]
						},
						"1.04": {
							"vector": [74.80177, -68.5082, -51.5166]
						},
						"1.12": {
							"vector": [0, 0, 0]
						},
						"1.2": {
							"vector": [74.80177, -68.5082, -51.5166]
						},
						"1.28": {
							"vector": [0, 0, 0]
						},
						"1.36": {
							"vector": [74.80177, -68.5082, -51.5166]
						},
						"1.44": {
							"vector": [0, 0, 0]
						},
						"1.52": {
							"vector": [74.80177, -68.5082, -51.5166]
						},
						"1.6": {
							"vector": [0, 0, 0]
						},
						"1.68": {
							"vector": [74.80177, -68.5082, -51.5166]
						},
						"1.76": {
							"vector": [0, 0, 0]
						},
						"1.84": {
							"vector": [74.80177, -68.5082, -51.5166]
						},
						"1.92": {
							"vector": [0, 0, 0]
						},
						"2.0": {
							"vector": [74.80177, -68.5082, -51.5166]
						},
						"2.08": {
							"vector": [0, 0, 0]
						},
						"2.16": {
							"vector": [74.80177, -68.5082, -51.5166]
						},
						"2.24": {
							"vector": [0, 0, 0]
						},
						"2.32": {
							"vector": [74.80177, -68.5082, -51.5166]
						},
						"2.4": {
							"vector": [0, 0, 0]
						},
						"2.48": {
							"vector": [74.80177, -68.5082, -51.5166]
						},
						"2.56": {
							"vector": [0, 0, 0]
						},
						"2.64": {
							"vector": [74.80177, -68.5082, -51.5166]
						},
						"2.72": {
							"vector": [0, 0, 0]
						},
						"2.8": {
							"vector": [74.80177, -68.5082, -51.5166]
						},
						"2.88": {
							"vector": [0, 0, 0]
						}
					}
				},
				"belly2": {
					"scale": {
						"vector": [0, 0, 0]
					}
				},
				"tit4": {
					"rotation": {
						"0.0": {
							"vector": [0, 0, 0]
						},
						"0.72": {
							"vector": [5, 0, 0]
						},
						"1.44": {
							"vector": [0, 0, 0]
						},
						"2.16": {
							"vector": [4.44638, 0.52939, -2.50524]
						},
						"2.88": {
							"vector": [0, 0, 0]
						}
					},
					"scale": {
						"0.0": {
							"vector": [1, 1, 1]
						},
						"0.72": {
							"vector": [1.05, 1.05, 1.05]
						},
						"1.44": {
							"vector": [1, 1, 1]
						},
						"2.16": {
							"vector": [1.05, 1.05, 1.05]
						},
						"2.88": {
							"vector": [1, 1, 1]
						}
					}
				},
				"tit2": {
					"rotation": {
						"0.0": {
							"vector": [0, 0, 0]
						},
						"0.72": {
							"vector": [4.44638, -0.52939, 2.50524]
						},
						"1.44": {
							"vector": [0, 0, 0]
						},
						"2.16": {
							"vector": [5, 0, 0]
						},
						"2.88": {
							"vector": [0, 0, 0]
						}
					},
					"scale": {
						"0.0": {
							"vector": [1, 1, 1]
						},
						"0.72": {
							"vector": [1.05, 1.05, 1.05]
						},
						"1.44": {
							"vector": [1, 1, 1]
						},
						"2.16": {
							"vector": [1.05, 1.05, 1.05]
						},
						"2.88": {
							"vector": [1, 1, 1]
						}
					}
				},
				"leftlarm": {
					"rotation": {
						"0.0": {
							"vector": [0, 0, 5]
						},
						"0.72": {
							"vector": [0, 0, 0]
						},
						"1.44": {
							"vector": [0, 0, 5]
						},
						"2.16": {
							"vector": [0, 0, 0]
						},
						"2.88": {
							"vector": [0, 0, 5]
						}
					}
				},
				"leftlarm2": {
					"rotation": {
						"0.0": {
							"vector": [0, 0, 7.5]
						},
						"0.72": {
							"vector": [0, 0, -2.5]
						},
						"1.44": {
							"vector": [0, 0, 7.5]
						},
						"2.16": {
							"vector": [0, 0, -5]
						},
						"2.88": {
							"vector": [0, 0, 7.5]
						}
					}
				},